[
  {
    "_id": "63769a351253bd020c66bd43",
    "price": "$1,625.86",
    "picture": "https://cdn.vectorstock.com/i/preview-1x/27/89/car-wheel-rim-vehicle-part-icon-vector-43662789.webp",
    "carName": " Rim",
    "company": "EARTHWAX",
    "email": "bishopacosta@earthwax.com",
    "phone": "+1 (978) 545-3887",
    "madeIn": "700 Plymouth Street, Dragoon, Alabama, 1290",
    "about": "Dolore excepteur voluptate anim est ad magna labore culpa non cillum eu veniam. Minim excepteur quis labore nulla aliquip deserunt exercitation ea dolor et. Duis non velit sint anim irure laboris. Aliqua commodo duis mollit proident veniam amet irure sunt ex. Nulla consectetur veniam aute fugiat proident cupidatat.\r\n",
    "registered": "2015-05-22T10:38:19 -06:00"
  },
  {
    "_id": "63769a35439cf3c98994ed4d",
    "price": "$1,175.09",
    "picture": "https://cdn.vectorstock.com/i/preview-1x/27/92/headlamp-or-car-headlight-auto-vehicle-part-icon-vector-43662792.webp",
    "carName": " Head lamp",
    "company": "PARLEYNET",
    "email": "bishopgood@parleynet.com",
    "phone": "+1 (966) 481-2516",
    "madeIn": "993 Rewe Street, Condon, Illinois, 3202",
    "about": "Nulla deserunt enim excepteur do pariatur eiusmod duis. Et cillum proident pariatur nisi exercitation ex eiusmod laborum irure id laboris. Reprehenderit elit in Lorem exercitation. Sit reprehenderit quis ex ut aliqua velit. Cupidatat fugiat cillum dolor deserunt exercitation. Eiusmod ullamco deserunt anim sit et aliquip qui et nisi non mollit. Do cillum laboris eiusmod id amet elit Lorem elit sit deserunt aute ea occaecat nisi.\r\n",
    "registered": "2021-07-11T05:14:58 -06:00"
  },
  {
    "_id": "63769a354fbe9f6027d0ba40",
    "price": "$3,949.26",
    "picture": "https://cdn.vectorstock.com/i/preview-1x/28/03/car-coolant-tank-vehicle-engine-system-part-vector-43662803.webp",
    "carName": " Cooler",
    "company": "ZANYMAX",
    "email": "bishoprowe@zanymax.com",
    "phone": "+1 (828) 418-2521",
    "madeIn": "636 Broome Street, Robinette, Connecticut, 3617",
    "about": "Culpa deserunt velit aliqua deserunt consequat officia duis quis quis ipsum magna elit quis. Id minim adipisicing quis velit anim aliquip incididunt laborum proident magna adipisicing. Ex in sit est laboris ex magna eu. Labore aute ut ad et elit duis et velit pariatur Lorem irure eiusmod non sunt.\r\n",
    "registered": "2022-03-22T02:56:42 -06:00"
  },
  {
    "_id": "63769a3529edabf5aca5b848",
    "price": "$1,988.98",
    "picture": "https://cdn.vectorstock.com/i/preview-1x/28/01/car-brake-pad-vehicle-brakes-system-part-vector-43662801.webp",
    "carName": " Brake pad",
    "company": "MARVANE",
    "email": "bishopcrosby@marvane.com",
    "phone": "+1 (958) 580-2443",
    "madeIn": "199 Christopher Avenue, Stewartville, South Dakota, 6871",
    "about": "Labore esse occaecat occaecat eiusmod excepteur in irure fugiat laboris magna adipisicing id in. In est voluptate minim consectetur. Cillum ipsum nulla minim occaecat minim ut cillum consectetur mollit duis et mollit ipsum proident. Exercitation elit magna in anim fugiat.\r\n",
    "registered": "2014-12-31T08:50:23 -06:00"
  },
  {
    "_id": "63769a35e2c7745086b7a1ac",
    "price": "$1,415.41",
    "picture": "https://cdn.vectorstock.com/i/preview-1x/28/00/car-brakes-disc-and-pad-vehicle-part-vector-43662800.webp",
    "carName": " Brake Disk",
    "company": "GEOLOGIX",
    "email": "bishopburt@geologix.com",
    "phone": "+1 (932) 532-2580",
    "madeIn": "239 Bedford Place, Rodanthe, Federated States Of Micronesia, 2843",
    "about": "Fugiat enim ullamco cupidatat laborum officia consectetur eiusmod consequat. Eu duis magna veniam velit officia deserunt quis voluptate aliqua tempor nostrud dolor non incididunt. Anim Lorem tempor occaecat velit elit anim enim consequat culpa qui Lorem commodo.\r\n",
    "registered": "2022-10-17T10:30:04 -06:00"
  },
  {
    "_id": "63769a35a6e49ecd16da3273",
    "price": "$3,248.32",
    "picture": "https://cdn.vectorstock.com/i/preview-1x/27/97/spark-plug-car-engine-auto-part-icon-vector-43662797.webp",
    "carName": " Spark Plug",
    "company": "ENTROFLEX",
    "email": "bishopheath@entroflex.com",
    "phone": "+1 (855) 418-2747",
    "madeIn": "274 Belvidere Street, Makena, Oregon, 8167",
    "about": "Nostrud laborum eiusmod sunt magna cupidatat aute aliquip non. Laborum veniam velit ut ipsum adipisicing aute eu. Enim elit pariatur exercitation commodo et.\r\n",
    "registered": "2014-11-03T05:21:22 -06:00"
  },
  {
    "_id": "63769a357b8c56debdc8897e",
    "price": "$2,582.87",
    "picture": "https://cdn.vectorstock.com/i/preview-1x/27/94/car-tire-vehicle-wheel-auto-part-icon-vector-43662794.webp",
    "carName": " Tire",
    "company": "ANIXANG",
    "email": "bishopluna@anixang.com",
    "phone": "+1 (973) 510-3424",
    "madeIn": "743 Clark Street, Adamstown, Delaware, 9389",
    "about": "Sit consectetur irure consectetur minim mollit. Pariatur irure est tempor Lorem deserunt commodo. Est labore dolore elit amet reprehenderit do nulla do irure id incididunt nisi do quis. Reprehenderit in dolor in labore duis proident. Amet magna nisi ut consequat pariatur commodo magna sit id excepteur. Sunt quis ea elit officia magna ipsum consequat. Ullamco sit est laboris nulla ex veniam consectetur esse incididunt nisi occaecat occaecat aliqua.\r\n",
    "registered": "2020-12-15T11:46:56 -06:00"
  },
  {
    "_id": "63769a35a0ae43e9aba56e79",
    "price": "$3,199.68",
    "picture": "https://cdn.vectorstock.com/i/preview-1x/32/58/car-motor-part-composition-vector-41953258.webp",
    "carName": " Motor",
    "company": "MAGMINA",
    "email": "bishopdurham@magmina.com",
    "phone": "+1 (884) 420-2298",
    "madeIn": "783 Brevoort Place, Accoville, Louisiana, 2887",
    "about": "Aliqua laboris nulla mollit est reprehenderit adipisicing fugiat elit est tempor pariatur. Esse consequat officia aute irure labore aute sit in quis consectetur proident sit aliquip. Mollit veniam id ut aliquip qui ullamco tempor sunt enim sint. Minim irure eu ipsum id officia aliquip consequat ut elit ea sint pariatur. Fugiat id proident mollit ut velit culpa aliqua ex. Minim proident ullamco ullamco aute qui tempor nisi dolore duis ullamco nulla nulla qui esse.\r\n",
    "registered": "2016-10-16T06:46:14 -06:00"
  },
  {
    "_id": "63769a35217089e96616cda7",
    "price": "$2,982.38",
    "picture": "https://cdn.vectorstock.com/i/preview-1x/27/90/car-windshield-glass-vehicle-part-icon-vector-43662790.webp",
    "carName": " Windshield",
    "company": "GYNKO",
    "email": "bishopcastaneda@gynko.com",
    "phone": "+1 (967) 571-3273",
    "madeIn": "521 Ashford Street, Vale, Florida, 7274",
    "about": "Magna quis minim consectetur anim duis laboris. Elit laboris cupidatat dolore quis ex ea enim cupidatat aute sunt in eiusmod officia. Laboris magna pariatur exercitation consequat officia qui elit enim proident.\r\n",
    "registered": "2022-05-17T07:06:04 -06:00"
  }
]
